<ActionMaps>
 <ActionProfiles version="1" optionsVersion="2" rebindVersion="2" profileName="default">
  <options type="keyboard" instance="1" Product="Keyboard  {6F1D2B61-D5A0-11CF-BFC7-444553540000}"/>
  <options type="gamepad" instance="1" Product="Controller (Gamepad)">
   <flight_view exponent="1"/>
  </options>
  <options type="joystick" instance="1" Product="MFG Crosswind V2  {0A3816D0-0000-0000-0000-504944564944}"/>
  <options type="joystick" instance="2" Product="LEFT VPC Throttle MT-50 CM  {205403EB-0000-0000-0000-504944564944}"/>
  <options type="joystick" instance="3" Product="CLSE Joystick VPC Const. ALPHA  {00B125BB-0000-0000-0000-504944564944}"/>
  <options type="joystick" instance="4" Product="WINWING F18 TAKEOFF PANEL  {BE044098-0000-0000-0000-504944564944}"/>
  <options type="joystick" instance="5" Product="Thrustmaster T150 Racing Wheel  {B677044F-0000-0000-0000-504944564944}"/>
  <options type="joystick" instance="6" Product=" VKB-Sim Gunfighter Modern Combat Pro Twist   {0125231D-0000-0000-0000-504944564944}"/>
  <options type="joystick" instance="7" Product="Arduino Micro  {80372341-0000-0000-0000-504944564944}"/>
  <options type="joystick" instance="8" Product="11 axis 12 button device with hat switch  {122131E3-0000-0000-0000-504944564944}"/>
  <modifiers />
  <actionmap name="seat_general">
   <action name="v_eject"><!--Eject//False-->
    <rebind input="kb1_ralt+y"/>
   </action>
   <action name="v_emergency_exit"><!--Emergency Exit Seat//False-->
    <rebind input="kb1_lshift+u"/>
   </action>
   <action name="v_toggle_mining_mode"><!--Mining Mode (Toggle)//False-->
    <rebind input="kb1_m"/>
   </action>
   <action name="v_toggle_missile_mode"><!--Missile Operator Mode (Toggle)//False-->
    <rebind input="kb1_mo3"/>
    <rebind input="js1_button4"/>
    <rebind input="gp1_shoulderl+shoulderr"/>
   </action>
   <action name="v_toggle_quantum_mode"><!--Quantum Travel System (Toggle)//False-->
    <rebind input="kb1_b"/>
    <rebind input="gp1_shoulderl+x"/>
   </action>
   <action name="v_toggle_salvage_mode"><!--Salvage Mode(Toggle)//False-->
     <rebind input="kb1_m"/>
   </action>
   <action name="v_toggle_scan_mode"><!--Scanning Mode (Toggle)//Flase-->
    <rebind input="kb1_v"/>
    <rebind input="gp1_dpad_right"/>
   </action>
   <action name="v_view_look_behind"><!--Look behind//False-->
    <rebind input="kb1_ "/>
    <rebind input="gp1_shoulderl+a"/>
   </action>
  </actionmap>
  <actionmap name="spaceship_general">
   <action name="v_close_all_doors"><!--Close All Doors//False-->
    <rebind input="kb1_ "/>
   </action>
   <action name="v_flightready"><!--Flight/Systems Ready//False-->
    <rebind input="kb1_r"/>
   </action>
   <action name="v_self_destruct"><!--Self Destruct//False-->
    <rebind input="kb1_back"/>
    <rebind input="gp1_shoulderl+shoulderr"/>
   </action>
   <action name="v_cooler_throttle_down"><!--Decrease Cooler Rate//False-->
    <rebind input="kb1_ "/>
   </action>
   <action name="v_cooler_throttle_up"><!--Increase Cooler Rate//False-->
    <rebind input="kb1_ "/>
   </action>
   <action name="v_lock_all_doors"><!--Lock All Doors//False-->
    <rebind input="kb1_ "/>
   </action>
   <action name="v_open_all_doors"><!--Open All Doors//False-->
    <rebind input="kb1_ "/>
   </action>
   <action name="v_toggle_all_doorlocks"><!--Lock/Unlock Doors (Toggle)//False-->
    <rebind input="kb1_ "/>
   </action>
   <action name="v_toggle_all_doors"><!--Open/Close Doors (Toggle)//False-->
    <rebind input="kb1_ "/>
   </action>
   <action name="v_unlock_all_doors"><!--Unlock All Doors//False-->
    <rebind input="kb1_ "/>
   </action>
  </actionmap>
  <actionmap name="spaceship_view">
   <action name="v_view_cycle_fwd"><!--Cycle Camera View//False-->
    <rebind input="kb1_f4"/>
    <rebind input="gp1_shoulderl+y"/>
   </action>
   <action name="v_view_dynamic_zoom_abs_toggle"><!--Dynamic Zoom Toggle (abs.)//False-->
    <rebind input="kb1_ "/>
   </action>
   <action name="v_view_dynamic_zoom_rel"><!--Dynamic Zoom In and Out (rel.)//True-->
    <rebind input="mo1_maxis_z"/>
   </action>
   <action name="v_view_dynamic_zoom_rel_in"><!--Dynamic Zoom In (rel.)//False-->
    <rebind input="kb1_ "/>
   </action>
   <action name="v_view_dynamic_zoom_rel_out"><!--Dynamic Zoom Out (rel.)//False-->
    <rebind input="kb1_ "/>
   </action>
   <action name="v_view_mode"><!--Cycle camera orbit mode//False-->
    <rebind input="kb1_ "/>
   </action>
   <action name="v_view_freelook_mode"><!--Freelook (Hold)//False-->
    <rebind input="kb1_z"/>
   </action>
   <action name="v_view_pitch"><!--Look up/down//True-->
    <rebind input="js1_y"/>
    <rebind input="gp1_thumbry"/>
   </action>
   <action name="v_view_pitch_mouse"><!--Look up/down(mouse)//True-->
    <rebind input="mo1_maxis_y"/>
   </action>
   <action name="v_view_pitch_down"><!--Look down//False-->
    <rebind input="kb1_ "/>
   </action>
   <action name="v_view_pitch_up"><!--Look up//False-->
    <rebind input="kb1_ "/>
   </action>
   <action name="v_view_yaw"><!--Look left/right//True-->
    <rebind input="js1_x"/>
    <rebind input="gp1_thumbrx"/>
   </action>
   <action name="v_view_yaw_mouse"><!--Look left/right(mouse)//True-->
    <rebind input="mo1_maxis_x"/>
   </action>
   <action name="v_view_yaw_left"><!--Look left//False-->
    <rebind input="kb1_ "/>
   </action>
   <action name="v_view_yaw_right"><!--Look right//False-->
    <rebind input="kb1_ "/>
   </action>
  </actionmap>
  <actionmap name="spaceship_movement">
   <action name="v_accel_range_abs"><!--Acceleration Limiter Up/Down (abs.)//True-->
    <rebind input="mo1_ "/>
   </action>
   <action name="v_accel_range_rel"><!--Acceleration Limiter Up/Down (rel.)//True-->
    <rebind input="mo1_maxis_z"/>
   </action>
   <action name="v_accel_range_down"><!--Acceleration Limiter Decrease//False-->
    <rebind input="kb1_ "/>
   </action>
   <action name="v_accel_range_up"><!--Acceleration Limiter Increase//False-->
    <rebind input="kb1_ "/>
   </action>
   <action name="v_afterburner"><!--Boost//False-->
    <rebind input="kb1_lshift"/>
    <rebind input="js1_button8"/>
    <rebind input="gp1_thumbl"/>
   </action>
   <action name="v_autoland"><!--Autoland//False-->
    <rebind input="kb1_n"/>
    <rebind input="js1_button12"/>
    <rebind input="gp1_dpad_down"/>
   </action>
   <action name="v_atc_request"><!--Request Landing//False-->
     <rebind input="kb1_lalt+n"/>
   </action>
   <action name="v_deploy_landing_system"><!--Landing System (Toggle)//False-->
    <rebind input="kb1_ "/>
   </action>
   <action name="v_ifcs_esp_hold"><!--ui_v_ifcs_esp_hold-->
    <rebind input="kb1_ "/>
   </action>
   <action name="v_ifcs_speed_limiter_reset_scm"><!--Speed Limiter - Reset to SCM//False-->
    <rebind input="kb1_ "/>
   </action>
   <action name="v_ifcs_toggle_esp"><!--E.S.P. - Toggle On/Off(Press)//False-->
    <rebind input="kb1_ "/>
   </action>
   <action name="v_ifcs_toggle_gforce_safety"><!--G-Force Safety On/Off(Toggle/Hold)//False-->
    <rebind input="kb1_ "/>
   </action>
   <action name="v_ifcs_toggle_speed_limiter"><!--Speed Limiter - On/Off (Hold/Toggle)//False-->
    <rebind input="kb1_ "/>
   </action>
   <action name="v_ifcs_toggle_cruise_control"><!--Cruise Control//False-->
    <rebind input="kb1_c"/>
    <rebind input="gp1_shoulderl+thumbl"/>
   </action>
   <action name="v_ifcs_toggle_vector_decoupling"><!--Decoupled mode (Toggle)//False-->
    <rebind input="kb1_lalt+c"/>
    <rebind input="gp1_thumbr"/>
   </action>
   <action name="v_lock_rotation"><!--Lock Pitch/Yaw Movement (Toggle/Hold)//False-->
    <rebind input="kb1_rshift"/>
   </action>
   <action name="v_pitch"><!--Pitch//True-->
    <rebind input="js1_y"/>
    <rebind input="gp1_thumbry"/>
   </action>
   <action name="v_pitch_mouse"><!--Pitch(Mouse)//True-->
    <rebind input="mo1_ "/>
   </action>
   <action name="v_pitch_down"><!--Pitch down//False-->
    <rebind input="kb1_ "/>
   </action>
   <action name="v_pitch_up"><!--Pitch up//False-->
    <rebind input="kb1_ "/>
   </action>
   <action name="v_retract_landing_system"><!--Landing System (Retract)//False-->
    <rebind input="kb1_ "/>
   </action>
   <action name="v_roll"><!--Roll//True-->
    <rebind input="js1_rotz"/>
    <rebind input="gp1_shoulderl+thumblx"/>
   </action>
   <action name="v_roll_mouse"><!--Roll(Mouse)//True-->
    <rebind input="mo1_ "/>
   </action>
   <action name="v_roll_left"><!--Roll left//False-->
    <rebind input="kb1_q"/>
   </action>
   <action name="v_roll_right"><!--Roll right//False-->
    <rebind input="kb1_e"/>
   </action>
   <action name="v_space_brake"><!--Spacebrake//False-->
    <rebind input="kb1_x"/>
    <rebind input="gp1_shoulderl+thumbr"/>
   </action>
   <action name="v_speed_range_down"><!--Speed Limiter - Decrease//False-->
    <rebind input="gp1_shoulderl+triggerl"/>
   </action>
   <action name="v_speed_range_rel"><!--Speed Limiter (Rel.)//True-->
    <rebind input="mo1_ "/>
   </action>
   <action name="v_speed_range_up"><!--Speed Limiter - Increase//False-->
    <rebind input="gp1_shoulderl+triggerr"/>
   </action>
   <action name="v_speed_range_abs"><!--Speed Limiter (Abs.)//True-->
    <rebind input="mo1_ "/>
   </action>
   <action name="v_speed_range_down"><!--Speed Limiter - Decrease//False-->
    <rebind input="kb1_ "/>
   </action>
   <action name="v_speed_range_up"><!--Speed Limiter - Increase//False-->
    <rebind input="kb1_ "/>
   </action>
   <action name="v_strafe_back"><!--Throttle back//False-->
    <rebind input="kb1_s"/>
    <rebind input="js1_hat1_down"/>
    <rebind input="gp1_thumbly_down"/>
   </action>
   <action name="v_strafe_down"><!--Strafe Down//False-->
    <rebind input="kb1_lctrl"/>
    <rebind input="js1_button10"/>
   </action>
   <action name="v_strafe_forward"><!--Throttle forward//False-->
    <rebind input="kb1_w"/>
    <rebind input="js1_hat1_up"/>
    <rebind input="gp1_thumbly_up"/>
   </action>
   <action name="v_strafe_lateral"><!--Strafe left/right//True-->
    <rebind input="gp1_thumblx"/>
   </action>
   <action name="v_strafe_left"><!--Strafe left//False-->
    <rebind input="kb1_a"/>
    <rebind input="js1_hat1_left"/>
   </action>
   <action name="v_strafe_longitudinal"><!--Strafe forward/back//True-->
    <rebind input="gp1_thumbly"/>
   </action>
   <action name="v_strafe_right"><!--Strafe right//False-->
    <rebind input="kb1_d"/>
    <rebind input="js1_hat1_right"/>
   </action>
   <action name="v_strafe_up"><!--Strafe Up//False-->
    <rebind input="kb1_space"/>
    <rebind input="js1_button9"/>
   </action>
   <action name="v_strafe_longitudinal_invert"><!--Strafe forward/back Invert//False-->
    <rebind input="kb1_ "/>
   </action>
   <action name="v_strafe_vertical"><!--Strafe up/down//True-->
    <rebind input="mo1_ "/>
    <rebind input="gp1_shoulderl+thumbly"/>
   </action>
   <action name="v_toggle_landing_system"><!--Landing System (Toggle)//False-->
    <rebind input="kb1_n"/>
    <rebind input="js1_button12"/>
    <rebind input="gp1_dpad_down"/>
   </action>
   <action name="v_toggle_vtol"><!--Toggle VTOL//False-->
    <rebind input="kb1_k"/>
   </action>
   <action name="v_transform_cycle"><!--Cycle Configuration//False-->
    <rebind input="kb1_lalt+k"/>
   </action>
   <action name="v_target_match_vel"><!--Match target velocity//False-->
    <rebind input="kb1_ "/>
   </action>
   <action name="v_toggle_relative_mouse_mode"><!--Cycle mouse mode (VJoy/Relative)//False-->
    <rebind input="kb1_ "/>
   </action>
   <action name="v_yaw"><!--Yaw//True-->
    <rebind input="js1_x"/>
    <rebind input="gp1_thumbrx"/>
   </action>
   <action name="v_yaw_mouse"><!--Yaw(Mouse)//True-->
    <rebind input="mo1_maxis_x"/>
   </action>
   <action name="v_toggle_yaw_roll_swap"><!--Swap Yaw/Roll//False-->
    <rebind input="kb1_ "/>
   </action>
   <action name="v_transform_deploy"><!--Expand Configuration//False-->
    <rebind input="kb1_ "/>
   </action>
   <action name="v_transform_retract"><!--Retract Configuration//False-->
    <rebind input="kb1_ "/>
   </action>
   <action name="v_yaw_left"><!--Yaw left//True-->
    <rebind input="mo1_ "/>
   </action>
   <action name="v_yaw_right"><!--Yaw right//True-->
    <rebind input="mo1_ "/>
   </action>
  </actionmap>
  <actionmap name="spaceship_quantum">
   <action name="v_toggle_qdrive_engagement"><!--Engage Quantum Drive (Hold)//False-->
    <rebind input="kb1_b"/>
    <rebind input="gp1_shoulderl+x"/>
   </action>
  </actionmap>
  <actionmap name="spaceship_docking">
   <action name="v_dock_toggle_view"><!--Toggle Docking Camera//False-->
    <rebind input="kb1_o"/>
   </action>
   <action name="v_invoke_docking"><!--Invoke Docking//False-->
    <rebind input="kb1_n"/>
   </action>
   <action name="v_toggle_docking_mode"><!--Toggle Docking Mode//False-->
    <rebind input="kb1_n"/>
   </action>
  </actionmap>
  <actionmap name="spaceship_targeting">
   <action name="v_look_ahead_enable"><!--Enable / Disable Look Ahead//False-->
    <rebind input="kb1_lalt+l"/>
   </action>
   <action name="v_target_remove_all_pins"><!--Remove All Pinned Targets//False-->
    <rebind input="kb1_0"/>
   </action>
   <action name="v_target_toggle_lock_index_1"><!--Pin Index 1 - Lock / Unlock Pinned Target//False-->
    <rebind input="kb1_1"/>
   </action>
   <action name="v_target_toggle_lock_index_2"><!--Pin Index 2 - Lock / Unlock Pinned Target//False-->
    <rebind input="kb1_2"/>
   </action>
   <action name="v_target_toggle_lock_index_3"><!--Pin Index 3 - Lock / Unlock Pinned Target//False-->
    <rebind input="kb1_3"/>
   </action>
   <action name="v_target_toggle_pin_index_1"><!--Pin Index 1 - Pin / Unpin Selected Target//False-->
    <rebind input="kb1_lalt+1"/>
   </action>
   <action name="v_target_toggle_pin_index_2"><!--Pin Index 2 - Pin / Unpin Selected Target//False-->
    <rebind input="kb1_lalt+2"/>
   </action>
   <action name="v_target_toggle_pin_index_3"><!--Pin Index 3 - Pin / Unpin Selected Target//False-->
    <rebind input="kb1_lalt+3"/>
   </action>
   <action name="v_target_unlock_selected"><!--Unlock Locked Target//False-->
    <rebind input="kb1_lalt+t"/>
   </action>
   <action name="v_enter_remote_turret_1"><!--Enter Remote Turret 1//False-->
    <rebind input="kb1_ "/>
   </action>
   <action name="v_enter_remote_turret_2"><!--Enter Remote Turret 2//False-->
    <rebind input="kb1_ "/>
   </action>
   <action name="v_enter_remote_turret_3"><!--Enter Remote Turret 3//False-->
    <rebind input="kb1_ "/>
   </action>
   <action name="v_look_ahead_start_target_tracking"><!--Enable / Disable Look Ahead//False-->
    <rebind input="kb1_ "/>
   </action>
   <action name="v_target_lock_selected"><!--Lock Selected Target//False-->
    <rebind input="kb1_ "/>
   </action>
   <action name="v_target_pin_selected"><!--Pin Selected Target//False-->
    <rebind input="kb1_ "/>
   </action>
   <action name="v_target_pin_selected_hold"><!--Pin Selected Target(Hold)//False-->
    <rebind input="kb1_ "/>
   </action>
   <action name="v_target_toggle_pin_index_1_hold"><!--Pin Index 1 - Pin / Unpin Selected Target (Hold)//False-->
    <rebind input="kb1_ "/>
   </action>
   <action name="v_target_toggle_pin_index_2_hold"><!--Pin Index 2 - Pin / Unpin Selected Target (Hold)//False-->
    <rebind input="kb1_ "/>
   </action>
   <action name="v_target_toggle_pin_index_3_hold"><!--Pin Index 3 - Pin / Unpin Selected Target (Hold)//False-->
    <rebind input="kb1_ "/>
   </action>
   <action name="v_target_tracking_auto_zoom"><!--Auto Zoom on Selected Target On / Off (Toggle, Hold)//False-->
    <rebind input="kb1_ "/>
   </action>
   <action name="v_target_unpin_selected"><!--Unpin Selected Target//False-->
    <rebind input="kb1_ "/>
   </action>
   <action name="v_target_unpin_selected_hold"><!--Unpin Selected Target (Hold)//False-->
    <rebind input="kb1_ "/>
   </action>
  </actionmap>
  <actionmap name="spaceship_targeting_advanced">
   <action name="v_target_cycle_all_fwd"><!--Cycle Lock - All - Forward//False-->
    <rebind input="kb1_7"/>
   </action>
   <action name="v_target_cycle_all_back"><!--Cycle Lock - All - Back//False-->
    <rebind input="kb1_ "/>
   </action>
   <action name="v_target_cycle_all_reset"><!--Cycle Lock - All - Reset to Closest//False-->
    <rebind input="kb1_lalt+7"/>
   </action>
   <action name="v_target_cycle_attacker_fwd"><!--Cycle Lock - Attackers - Forward//False-->
    <rebind input="kb1_4"/>
   </action>
   <action name="v_target_cycle_attacker_back"><!--Cycle Lock - Attackers - Back//False-->
    <rebind input="kb1_ "/>
   </action>
   <action name="v_target_cycle_attacker_reset"><!--Cycle Lock - Attackers - Reset to Closest//False-->
    <rebind input="kb1_lalt+4"/>
   </action>
   <action name="v_target_cycle_friendly_fwd"><!--Cycle Lock - Friendlies - Forward//False-->
    <rebind input="kb1_6"/>
   </action>
   <action name="v_target_cycle_friendly_back"><!--Cycle Lock - Friendlies - Back//False-->
    <rebind input="kb1_ "/>
   </action>
   <action name="v_target_cycle_friendly_reset"><!--Cycle Lock - Friendlies - Reset to Closest//False-->
    <rebind input="kb1_lalt+6"/>
   </action>
   <action name="v_target_cycle_hostile_fwd"><!--Cycle Lock - Hostiles - Forward//False-->
    <rebind input="kb1_5"/>
   </action>
   <action name="v_target_cycle_hostile_back"><!--Cycle Lock - Hostiles - Back//False-->
    <rebind input="kb1_ "/>
   </action>
   <action name="v_target_cycle_hostile_reset"><!--Cycle Lock - Hostiles - Reset to Closest//False-->
    <rebind input="kb1_lalt+5"/>
   </action>
   <action name="v_target_cycle_in_view_fwd"><!--Cycle Lock - In View - Forward//False-->
    <rebind input="kb1_t"/>
   </action>
   <action name="v_target_cycle_in_view_back"><!--Cycle Lock - In View - Back//False-->
    <rebind input="kb1_ "/>
   </action>
   <action name="v_target_cycle_in_view_reset"><!--Cycle Lock - In View - Under Reticle//False-->
    <rebind input="kb1_t"/>
   </action>
   <action name="v_target_cycle_pinned_back"><!--Cycle Lock - Pinned - Back//False-->
    <rebind input="kb1_ "/>
   </action>
   <action name="v_target_cycle_pinned_fwd"><!--Cycle Lock - Pinned - Forward//False-->
    <rebind input="kb1_ "/>
   </action>
   <action name="v_target_cycle_pinned_reset"><!--Cycle Lock - Pinned - Reset to First//False-->
    <rebind input="kb1_ "/>
   </action>
   <action name="v_target_cycle_selection_back"><!--Cycle Selection - Back//False-->
    <rebind input="kb1_ "/>
   </action>
   <action name="v_target_cycle_selection_fwd"><!--Cycle Selection - Forward//False-->
    <rebind input="kb1_r"/>
   </action>
   <action name="v_target_cycle_selection_reset"><!--Cycle Selection - Reset to Auto//False-->
    <rebind input="kb1_lalt+r"/>
   </action>
   <action name="v_target_cycle_subitem_back"><!--Cycle Lock - Sub-Target - Back//False-->
    <rebind input="kb1_ "/>
   </action>
   <action name="v_target_cycle_subitem_fwd"><!--Cycle Lock - Sub-Target - Forward//False-->
    <rebind input="kb1_8"/>
   </action>
   <action name="v_target_cycle_subitem_reset"><!--Cycle Lock - Sub-Target - Reset to Main Target//False-->
    <rebind input="kb1_lalt+8"/>
   </action>
  </actionmap>
  <actionmap name="spaceship_target_hailing">
   <action name="v_target_hail"><!--Hail Target//False-->
    <rebind input="kb1_9"/>
   </action>
  </actionmap>
  <actionmap name="spaceship_salvage">
    <action name="v_salvage_beam_spacing_abs">
      <rebind input="mo1_ "/><!--Salvage Beam Spacing Absolute//True-->
    </action>
    <action name="v_salvage_beam_spacing_rel">
      <rebind input="mo1_ "/><!--Salvage Beam Spacing Relative//True-->
    </action>
    <action name="v_salvage_cycle_modifiers_left">
      <rebind input="mo1_mouse2"/><!--Cycle Left Salvage Modifiers//False-->
    </action>
    <action name="v_salvage_cycle_modifiers_right">
      <rebind input="mo1_mouse2"/><!--Cycle Right Salvage Modifiers//False-->
    </action>
    <action name="v_salvage_decrease_beam_spacing">
      <rebind input="kb1_ "/><!--Decrease Beam Spacing//False-->
    </action>
    <action name="v_salvage_increase_beam_spacing">
      <rebind input="kb1_ "/><!--Increase Beam Spacing//False-->
    </action>
    <action name="v_salvage_toggle_beam_spacing_axis">
      <rebind input="kb1_ "/><!--Salvage Beam Axis (Toggle)//False-->
    </action>
    <action name="v_salvage_toggle_gimbal_mode">
      <rebind input="kb1_g"/><!--Salvage Mode Gimbal//False-->
    </action>
  </actionmap>
  <actionmap name="spaceship_radar">
   <action name="v_dec_ping_focus_angle"><!--Decrease Ping Angle//False-->
    <rebind input="kb1_comma"/>
    <rebind input="gp1_triggerl"/>
   </action>
   <action name="v_inc_ping_focus_angle"><!--Increase Ping Angle//False-->
    <rebind input="kb1_period"/>
    <rebind input="gp1_triggerr"/>
   </action>
   <action name="v_invoke_ping"><!--Activate Ping//False-->
    <rebind input="kb1_tab"/>
    <rebind input="gp1_shoulderr"/>
   </action>
  </actionmap>
  <actionmap name="spaceship_scanning">
   <action name="v_dec_scan_focus_level"><!--Decrease Scanning Angle//False-->
    <rebind input="mo1_mwheel_down"/>
    <rebind input="js1_button4"/>
    <rebind input="gp1_triggerl"/>
   </action>
   <action name="v_inc_scan_focus_level"><!--Increase Scanning Angle//False-->
    <rebind input="mo1_mwheel_up"/>
    <rebind input="js1_button3"/>
    <rebind input="gp1_triggerr"/>
   </action>
   <action name="v_scanning_trigger_scan"><!--Activate Scanning//False-->
    <rebind input="mo1_mouse1"/>
    <rebind input="gp1_shoulderl+shoulderr"/>
   </action>
  </actionmap>
  <actionmap name="spaceship_mining">
   <action name="v_decrease_mining_throttle"><!--Decrease Mining Laser Power//False-->
    <rebind input="mo1_mwheel_down"/>
    <rebind input="js1_button4"/>
    <rebind input="gp1_triggerl"/>
   </action>
   <action name="v_increase_mining_throttle"><!--Increase Mining Laser Power//False-->
    <rebind input="mo1_mwheel_up"/>
    <rebind input="js1_button3"/>
    <rebind input="gp1_triggerr"/>
   </action>
   <action name="v_jettison_volatile_cargo"><!--Jettison Cargo//False-->
    <rebind input="kb1_lalt+j"/>
   </action>
   <action name="v_mining_use_consumable1"><!--Activate Mining Module (Slot 1)//False-->
    <rebind input="kb1_lalt+1"/>
   </action>
   <action name="v_mining_use_consumable2"><!--Activate Mining Module (Slot 2)//False-->
    <rebind input="kb1_lalt+2"/>
   </action>
   <action name="v_mining_use_consumable3"><!--Activatge Mining Module (Slot 3)//False-->
    <rebind input="kb1_lalt+3"/>
   </action>
   <action name="v_toggle_mining_laser_fire"><!--Fire Mining Laser (Toggle)//False-->
    <rebind input="mo1_mouse1"/>
    <rebind input="js1_button1"/>
    <rebind input="gp1_shoulderr"/>
   </action>
   <action name="v_toggle_mining_laser_type"><!--Switch Mining Laser (Toggle)//False-->
    <rebind input="mo1_mouse2"/>
    <rebind input="js1_button2"/>
    <rebind input="gp1_shoulderl+shoulderr"/>
   </action>
  </actionmap>
  <actionmap name="turret_movement">
   <action name="turret_pitch"><!--Pitch//True-->
    <rebind input="js1_y"/>
    <rebind input="gp1_thumbry"/>
   </action>
   <action name="turret_pitch_mouse"><!--Pitch(Mouse)//True-->
    <rebind input="mo1_maxis_y"/>
   </action>
   <action name="turret_pitch_down"><!--Pitch down//False-->
    <rebind input="kb1_ "/>
   </action>
   <action name="turret_pitch_up"><!--Pitch up//False-->
    <rebind input="kb1_ "/>
   </action>
   <action name="turret_remote_exit"><!--Exit Remote Turret//False-->
    <rebind input="kb1_y"/>
    <rebind input="gp1_shoulderl+b"/>
   </action>
   <action name="turret_toggle_mouse_mode"><!--Toggle Turret Mouse Movement (VJoy, FPS style)//False-->
    <rebind input="kb1_q"/>
   </action>
   <action name="turret_yaw"><!--Yaw//True-->
    <rebind input="js1_x"/>
    <rebind input="gp1_thumbrx"/>
   </action>
   <action name="turret_yaw_mouse"><!--Yaw(mouse)//True-->
    <rebind input="mo1_maxis_x"/>
   </action>
   <action name="turret_yaw_left"><!--Yaw left//True-->
    <rebind input="mo1_ "/>
   </action>
   <action name="turret_yaw_right"><!--Yaw right//True-->
    <rebind input="mo1_ "/>
   </action>
  </actionmap>
  <actionmap name="turret_advanced">
   <action name="turret_change_firemode"><!--Cycle fire mode (staggered / combined)//False-->
    <rebind input="kb1_b"/>
   </action>
   <action name="turret_change_movement_type"><!--Change Preffered Movement Type//False-->
    <rebind input="mo1_mouse2"/>
   </action>
   <action name="turret_change_position"><!--ui_ci_turret_change_position//False-->
    <rebind input="kb1_s"/>
   </action>
   <action name="turret_gyromode"><!--Turret Gyro Stabilization (Toggle)//False-->
    <rebind input="kb1_x"/>
   </action>
   <action name="turret_instant_zoom"><!--ui_CI_TurretInstantZoom//False-->
    <rebind input="kb1_lshift"/>
   </action>
   <action name="turret_limiter_rel"><!--Turret - Speed Limiter (rel)//True-->
    <rebind input="mo1_maxis_z"/>
   </action>
   <action name="turret_limiter_rel_decrease"><!--Turret - Speed Limiter - Decrease (rel)//False-->
    <rebind input="kb1_a"/>
   </action>
   <action name="turret_limiter_rel_increase"><!--Turret - Speed Limiter - Increase (rel)//False-->
    <rebind input="kb1_d"/>
   </action>
   <action name="turret_limiter_toggle"><!--Turret - Speed Limiter - On/Off (Hold/Toggle)//False-->
    <rebind input="kb1_a"/>
   </action>
   <action name="turret_recenter"><!--Recenter Turret (Hold)//False-->
    <rebind input="kb1_c"/>
   </action>
   <action name="turret_toggle_esp"><!--Turret E.S.P. Toggle On / Off//False-->
    <rebind input="kb1_e"/>
   </action>
   <action name="turret_esp_hold"><!--Turret E.S.P. - Enable Temporarily (Hold)//False-->
    <rebind input="kb1_ "/>
   </action>
  </actionmap>
  <actionmap name="spaceship_weapons">
   <action name="v_attack_all"><!--Fire Weapon All//False-->
    <rebind input="kb1_ "/>
   </action>
   <action name="v_attack_group1"><!--Fire Weapon Group 1//False-->
    <rebind input="js1_button1"/>
    <rebind input="gp1_triggerr"/>
   </action>
   <action name="v_attack_group2"><!--Fire Weapon Group 2//False-->
    <rebind input="js1_button2"/>
    <rebind input="gp1_triggerl"/>
   </action>
   <action name="v_weapon_cycle_aimmode"><!--Cycle Fixed / Auto Gimbal Modes//False-->
    <rebind input="kb1_g"/>
    <rebind input="gp1_b"/>
   </action>
   <action name="v_weapon_manual_gimbal_cycle_source"><!--Manual Gimbal Mode - Swap VJoy / Look Direction (Toggle, Hold//False-->
    <rebind input="kb1_lalt+g"/>
   </action>
   <action name="v_weapon_manual_gimbal_lock_vector"><!--Manual Gimbal Mode - Lock Aim Vector//False-->
    <rebind input="kb1_ralt+g"/>
   </action>
   <action name="v_weapon_change_firemode"><!--Cycle Fire Mode (Staggered / Combined)//False-->
    <rebind input="kb1_ "/>
   </action>
   <action name="v_weapon_gimbal_mode_cycle_all"><!--Cycle Gimbal Assist / Standard Gimbal / Gimbal Lock modes//False-->
    <rebind input="kb1_ "/>
   </action>
   <action name="v_weapon_gimbal_mode_set_auto"><!--Set Auto Gimbal Mode (Short Press)//False-->
    <rebind input="kb1_ "/>
   </action>
   <action name="v_weapon_gimbal_mode_set_auto_long"><!--Set Auto Gimbal Mode (Long Press)//False-->
    <rebind input="kb1_ "/>
   </action>
   <action name="v_weapon_gimbal_mode_set_fixed"><!--Set Fixed Gimbal Mode (Short Press)//False-->
    <rebind input="kb1_ "/>
   </action>
   <action name="v_weapon_gimbal_mode_set_fixed_long"><!--Set Fixed Gimbal Mode (Long Press)//False-->
    <rebind input="kb1_ "/>
   </action>
   <action name="v_weapon_gimbal_mode_set_manual"><!--Set Manual Gimbal Mode (Short Press)//False-->
    <rebind input="kb1_ "/>
   </action>
   <action name="v_weapon_pip_set_lag"><!--Set Lag PIPs//False-->
    <rebind input="kb1_ "/>
   </action>
   <action name="v_weapon_pip_set_lead"><!--Set Lead PIPs//False-->
    <rebind input="kb1_ "/>
   </action>
   <action name="v_weapon_pip_toggle_lead_lag"><!--Toggle Lead / Lag PIPs//False-->
    <rebind input="kb1_ "/>
   </action>
  </actionmap>
  <actionmap name="spaceship_missiles">
   <action name="v_weapon_bombing_toggle_desired_impact_point_hold"><!--[PH] Bombs - Toggle Desired Impact Point(Hold)//False-->
    <rebind input="kb1_t"/>
   </action>
   <action name="v_weapon_cycle_missile_fwd"><!--Cycle Next Missile Type//False-->
    <rebind input="kb1_lalt+g"/>
    <rebind input="js1_button2"/>
    <rebind input="gp1_triggerl"/>
   </action>
   <action name="v_weapon_increase_max_missiles"><!--Increase Number of Armed Missiles//False-->
    <rebind input="kb1_g"/>
   </action>
   <action name="v_weapon_reset_max_missiles"><!--Reset Number of Armed Missiles//False-->
    <rebind input="kb1_lalt+g"/>
   </action>
   <action name="v_weapon_toggle_launch_missile"><!--Launch Missiles (Tap)//False-->
    <rebind input="mo1_mouse1"/>
    <rebind input="js1_button1"/>
    <rebind input="gp1_triggerr"/>
   </action>
   <action name="v_weapon_bombing_hud_range_decrease"><!--Bombs - Increase HUD Range//False-->
    <rebind input="kb1_ "/>
   </action>
   <action name="v_weapon_bombing_hud_range_increase"><!--Bombs - Decrease HUD Range//False-->
    <rebind input="kb1_ "/>
   </action>
   <action name="v_weapon_bombing_hud_range_reset"><!--Bombs - Reset HUD Range//False-->
    <rebind input="kb1_ "/>
   </action>
   <action name="v_weapon_bombing_toggle_desired_impact_point"><!--[PH] Bombs - Toggle Desired Impact Point (Tap)//False-->
    <rebind input="kb1_ "/>
   </action>
   <action name="v_weapon_cycle_missile_back"><!--Cycle Previous Missile Type//False-->
    <rebind input="kb1_ "/>
   </action>
   <action name="v_weapon_decrease_max_missiles"><!--Decrease Number of Armed Missiles//False-->
    <rebind input="kb1_ "/>
   </action>
   <action name="v_weapon_launch_missile"><!--Launch Missiles(Hold)//False-->
    <rebind input="kb1_ "/>
   </action>
   <action name="v_weapon_launch_missile_cinematic"><!--[PH] Enable Cinematic Camera (Toggle)//False-->
    <rebind input="kb1_ "/>
   </action>
   <action name="v_weapon_launch_missile_cinematic_hold"><!--[PH] Enable Cinematic Camera (Hold)//False-->
    <rebind input="kb1_ "/>
   </action>
  </actionmap>
  <actionmap name="spaceship_defensive">
   <action name="v_shield_raise_level_back"><!--Shield raise level back//False-->
    <rebind input="kb1_np_2"/>
   </action>
   <action name="v_shield_raise_level_down"><!--Shield raise level bottom//False-->
    <rebind input="kb1_np_1"/>
   </action>
   <action name="v_shield_raise_level_forward"><!--Shield raise level front//False-->
    <rebind input="kb1_np_8"/>
   </action>
   <action name="v_shield_raise_level_left"><!--Shield raise level left//False-->
    <rebind input="kb1_np_4"/>
   </action>
   <action name="v_shield_raise_level_right"><!--Shield raise level right//False-->
    <rebind input="kb1_np_6"/>
   </action>
   <action name="v_shield_raise_level_up"><!--Shield raise level top//False-->
    <rebind input="kb1_np_7"/>
   </action>
   <action name="v_shield_reset_level"><!--Shield reset levels//False-->
    <rebind input="kb1_np_5"/>
   </action>
   <action name="v_weapon_countermeasure_decoy_burst_decrease"><!--Decoy - Decrease Burst Size (tap)//False-->
    <rebind input="kb1_lalt+h"/>
   </action>
   <action name="v_weapon_countermeasure_decoy_burst_increase"><!--Decoy - Increase Burst Size (tap)//False-->
    <rebind input="kb1_ralt+h"/>
   </action>
   <action name="v_weapon_countermeasure_decoy_launch_panic"><!--Decoy Panic Launch (tap)//False-->
    <rebind input="kb1_ "/>
   </action>
   <action name="v_weapon_countermeasure_decoy_launch"><!--Decoy - Launch Burst (tap), Set and Launch Burst (hold)//False-->
    <rebind input="kb1_h"/>
    <rebind input="js1_button3"/>
    <rebind input="gp1_a"/>
   </action>
   <action name="v_weapon_countermeasure_noise_launch"><!--Noise - Deploy (Tap)//False-->
    <rebind input="kb1_j"/>
    <rebind input="js1_button4"/>
    <rebind input="gp1_x"/>
   </action>
  </actionmap>
  <actionmap name="vehicle_capacitor_assignment">
   <action name="v_capacitor_assignment_engine_combined_increase_max"><!--Engines - Increase (Tap) / Set to Max (Hold)//False-->
    <rebind input="kb1_f6"/>
   </action>
   <action name="v_capacitor_assignment_engine_combined_decrease_min"><!--Engines - Decrease (Tap) / Set to Min (Hold)//False-->
    <rebind input="kb1_ "/>
   </action>
   <action name="v_capacitor_assignment_engine_decrease"><!--Engines - Decrease (Tap)//False-->
    <rebind input="kb1_ "/>
   </action>
   <action name="v_capacitor_assignment_engine_increase"><!--Engines - Increase (Tap)//False-->
    <rebind input="kb1_ "/>
   </action>
   <action name="v_capacitor_assignment_engine_max"><!--Engines - Set to Max(Tap)//False-->
    <rebind input="kb1_ "/>
   </action>
   <action name="v_capacitor_assignment_engine_min"><!--Engines - Set to Min(Tap)//False-->
    <rebind input="kb1_ "/>
   </action>
   <action name="v_capacitor_assignment_reset"><!--Reset Assignments//False-->
    <rebind input="kb1_f8"/>
   </action>
   <action name="v_capacitor_assignment_shield_combined_increase_max"><!--Shields - Increase (Tap) / Set to Max (Hold)//False-->
    <rebind input="kb1_f7"/>
   </action>
   <action name="v_capacitor_assignment_shield_combined_decrease_min"><!--Shields - Decrease (Tap) / Set to Min (Hold)//False-->
    <rebind input="kb1_ "/>
   </action>
   <action name="v_capacitor_assignment_shield_decrease"><!--Shields - Decrease (Tap)//False-->
    <rebind input="kb1_ "/>
   </action>
   <action name="v_capacitor_assignment_shield_increase"><!--Shields - Increase (Tap)//False-->
    <rebind input="kb1_ "/>
   </action>
   <action name="v_capacitor_assignment_shield_max"><!--Shields - Set to Max (Tap)//False-->
    <rebind input="kb1_ "/>
   </action>
   <action name="v_capacitor_assignment_shield_min"><!--Shields - Set to Min (Tap)//False-->
    <rebind input="kb1_ "/>
   </action>
   <action name="v_capacitor_assignment_weapon_combined_increase_max"><!--Weapons - Increase (Tap)/Set to Max(Hold)//False-->
    <rebind input="kb1_f5"/>
   </action>
   <action name="v_capacitor_assignment_weapon_combined_decrease_min"><!--Weapons - Decrease (Tap)/Set to Min(Hold)//False-->
    <rebind input="kb1_ "/>
   </action>
   <action name="v_capacitor_assignment_weapon_decrease"><!--Weapons - Decrease (Tap)//False-->
    <rebind input="kb1_ "/>
   </action>
   <action name="v_capacitor_assignment_weapon_increase"><!--Weapons - Increase (Tap)//False-->
    <rebind input="kb1_ "/>
   </action>
   <action name="v_capacitor_assignment_weapon_max"><!--Weapons - Set to Max(Tap)//False-->
    <rebind input="kb1_ "/>
   </action>
   <action name="v_capacitor_assignment_weapon_min"><!--Weapons - Set to Min(Tap)//False-->
    <rebind input="kb1_ "/>
   </action>
  </actionmap>
  <actionmap name="spaceship_power">
   <action name="v_power_throttle_down"><!--Decrease Throttle//False-->
    <rebind input="kb1_f9"/>
   </action>
   <action name="v_power_throttle_max"><!--Increase Throttle to Max(Double Tap)//False-->
    <rebind input="kb1_f10"/>
   </action>
   <action name="v_power_throttle_min"><!--Decrease Throttle to Min(Double Tap)//False-->
    <rebind input="kb1_f9"/>
   </action>
   <action name="v_power_throttle_up"><!--Increase Throttle//False-->
    <rebind input="kb1_f10"/>
   </action>
   <action name="v_power_toggle"><!--Toggle Power - All//False-->
    <rebind input="kb1_u"/>
   </action>
   <action name="v_power_set_off"><!--Set Power Off//False-->
    <rebind input="kb1_ "/>
   </action>
   <action name="v_power_set_on"><!--Set Power On//False-->
    <rebind input="kb1_ "/>
   </action>
   <action name="v_power_toggle_shields"><!--Toggle Power - Shields//False-->
    <rebind input="kb1_o"/>
   </action>
   <action name="v_power_set_shields_off"><!--Set Shields Power Off//False-->
    <rebind input="kb1_ "/>
   </action>
   <action name="v_power_set_shields_on"><!--Set Shields Power On//False-->
    <rebind input="kb1_ "/>
   </action>
   <action name="v_power_toggle_thrusters"><!--Toggle Power - Thrusters//False-->
    <rebind input="kb1_i"/>
   </action>
   <action name="v_power_set_thrusters_off"><!--Set Thrusters Power Off//False-->
    <rebind input="kb1_ "/>
   </action>
   <action name="v_power_set_thrusters_on"><!--Set Thrusters Power On//False-->
    <rebind input="kb1_ "/>
   </action>
   <action name="v_power_toggle_weapons"><!--Toggle Power - Weapons//False-->
    <rebind input="kb1_p"/>
   </action>
   <action name="v_power_set_weapons_off"><!--Set Weapons Power Off//False-->
     <rebind input="kb1_ "/>
   </action>
   <action name="v_power_set_weapons_on"><!--Set Weapons Power On//False-->
    <rebind input="kb1_ "/>
   </action>
  </actionmap>
  <actionmap name="spaceship_hud">
   <action name="mobiglas"><!--mobiGlas (Toggle)//False-->
    <rebind input="kb1_f1"/>
    <rebind input="gp1_shoulderl+back"/>
   </action>
   <action name="v_hud_open_scoreboard"><!--Scoreboard//False-->
    <rebind input="kb1_f1"/>
    <rebind input="gp1_shoulderl+start"/>
   </action>
   <action name="v_starmap"><!--Map//False-->
    <rebind input="kb1_f2"/>
    <rebind input="gp1_shoulderl+back"/>
   </action>
   <action name="visor_wipe"><!--Wipe Helmet Visor//False-->
    <rebind input="kb1_lalt+x"/>
   </action>
  </actionmap>
  <actionmap name="lights_controller">
   <action name="v_lights"><!--Headlights(Toggle)//False-->
    <rebind input="kb1_l"/>
    <rebind input="gp1_shoulderl+dpad_down"/>
   </action>
   <action name="v_cycle_pitch_ladder_mode"><!--v_cycle_pitch_ladder_mode//False-->
    <rebind input="kb1_ "/>
   </action>
  </actionmap>
  <actionmap name="stopwatch">
   <action name="stopwatch_reset"><!--Reset (Long Press)//False-->
    <rebind input="kb1_ "/>
   </action>
   <action name="stopwatch_trigger"><!--Start / Pause (Short Press)//False-->
    <rebind input="kb1_ "/>
   </action>
  </actionmap>
  <actionmap name="player">
   <action name="attack1"><!--Firearm - Attack//False-->
    <rebind input="gp1_triggerr_btn"/>
   </action>
   <action name="consume">
    <rebind input="gp1_triggerr_btn"/>
   </action>
   <action name="crouch"><!--Crouch//False-->
    <rebind input="kb1_lctrl"/>
   </action>
   <action name="customize"><!--Customize Weapon//False-->
    <rebind input="kb1_j"/>
    <rebind input="gp1_dpad_right"/>
   </action>
   <action name="downedRevivalRequest"><!--Request Rescue (while Incapacitated)//False-->
    <rebind input="kb1_m"/>
   </action>
   <action name="force_respawn"><!--Force Re-spawn (E.V.A. / On Foot)//False-->
    <rebind input="kb1_backspace"/>
   </action>
   <action name="free_thirdperson_camera"><!--Free View Camera(Hold)//False-->
    <rebind input="kb1_z"/>
   </action>
   <action name="gp_crouch"><!--Change Fire Mode//False-->
    <rebind input="gp1_b"/>
   </action>
   <action name="gp_jump"><!--Jump//False-->
    <rebind input="gp1_a"/>
   </action>
   <action name="gp_movex"><!--Move Left/Right//True-->
    <rebind input="gp1_thumblx"/>
   </action>
   <action name="gp_movey"><!--Move Forward/Backward//True-->
    <rebind input="gp1_thumbly"/>
   </action>
   <action name="gp_rotatepitch"><!--Look(Pitch)//True-->
    <rebind input="gp1_thumbry"/>
   </action>
   <action name="gp_rotateyaw"><!--Look(Yaw)//True-->
    <rebind input="gp1_thumbrx"/>
   </action>
   <action name="holster"><!--Holster Weapon//False-->
    <rebind input="kb1_r"/>
    <rebind input="gp1_x"/>
   </action>
   <action name="drop"><!--Drop Item//False-->
    <rebind input="kb1_ "/>
   </action>
   <action name="inspect"><!--Inspect Item//False-->
    <rebind input="kb1_ "/>
    <rebind input="gp1_dpad_left"/>
   </action>
   <action name="jump"><!--Jump//False-->
    <rebind input="kb1_space"/>
   </action>
   <action name="leanleft"><!--Lean Left//False-->
    <rebind input="kb1_q"/>
    <rebind input="gp1_shoulderl+thumbl"/>
   </action>
   <action name="leanright"><!--Lean Right//False-->
    <rebind input="kb1_e"/>
    <rebind input="gp1_shoulderl+thumbr"/>
   </action>
   <action name="melee_AttackHeavyLeft"><!--Melee - Attack Heavy Left (Gamepad)//False-->
    <rebind input="gp1_triggerl_btn"/>
   </action>
   <action name="melee_AttackHeavyRight"><!--Melee - Attack Heavy Right (Gamepad)//False-->
    <rebind input="gp1_triggerr_btn"/>
   </action>
   <action name="melee_AttackLightLeft"><!--Melee - Attack Light Left (Gamepad)//False-->
    <rebind input="gp1_triggerl_btn"/>
   </action>
   <action name="melee_AttackLightRight"><!--Melee - Attack Light Right (Gamepad)//False-->
    <rebind input="gp1_gp1_triggerr_btn"/>
   </action>
   <action name="melee_AttackSyringeStab"><!--Medical Pen - Inject Other//False-->
    <rebind input="gp1_triggerr_btn"/>
   </action>
   <action name="melee_block"><!--Melee - Block(Hold)//False-->
    <rebind input="gp1_triggerl_btn+triggerr_btn"/>
   </action>
   <action name="melee_dodgeBack"><!--Dodge Back//False-->
    <rebind input="kb1_s"/>
    <rebind input="gp1_shoulderl+thumbl_down"/>
   </action>
   <action name="melee_dodgeLeft"><!--Dodge Left//False-->
    <rebind input="kb1_a"/>
    <rebind input="gp1_shoulderl+thumbl_left"/>
   </action>
   <action name="melee_dodgeRight"><!--Dodge Right//False-->
    <rebind input="kb1_d"/>
    <rebind input="gp1_shoulderl+thumbl_right"/>
   </action>
   <action name="mobiglas"><!--mobiGlas (Toggle)//False-->
    <rebind input="kb1_f1"/>
    <rebind input="gp1_shoulderl+back"/>
   </action>
   <action name="moveback"><!--Move Backwards//False-->
    <rebind input="kb1_s"/>
   </action>
   <action name="moveforward"><!--Move Forward//False-->
    <rebind input="kb1_w"/>
   </action>
   <action name="moveleft"><!--Move Left//False-->
    <rebind input="kb1_a"/>
   </action>
   <action name="moveright"><!--Move Right//False-->
    <rebind input="kb1_d"/>
   </action>
   <action name="pl_hud_open_scoreboard"><!--Scoreboard//False-->
    <rebind input="kb1_f1"/>
    <rebind input="gp1_shoulderl+start"/>
   </action>
   <action name="port_modification_select"><!--Port Modification Interact//False-->
    <rebind input="gp1_a"/>
   </action>
   <action name="prone"><!--Prone//False-->
    <rebind input="kb1_x"/>
    <rebind input="gp1_b"/>
   </action>
   <action name="reload"><!--Reload//False-->
    <rebind input="kb1_r"/>
    <rebind input="gp1_x"/>
   </action>
   <action name="selectMeleeWeapon"><!--Select Melee//False-->
    <rebind input="kb1_5"/>
    <rebind input="gp1_shoulderl+dpad_right"/>
   </action>
   <action name="selectUnarmedCombat"><!--Unarmed Combat//False-->
    <rebind input="kb1_0"/>
    <rebind input="gp1_shoulderl+dpad_up"/>
   </action>
   <action name="selectUtilityItem"><!--Select Contract Item//False-->
    <rebind input="kb1_6"/>
   </action>
   <action name="selectgadget"><!--Select Gadget//False-->
    <rebind input="kb1_4"/>
    <rebind input="gp1_dpad_down"/>
   </action>
   <action name="selectpistol"><!--Select Sidearm//False-->
    <rebind input="kb1_1"/>
    <rebind input="gp1_dpad_right"/>
   </action>
   <action name="selectprimary"><!--Select Primary Weapon//False-->
    <rebind input="kb1_2"/>
   </action>
   <action name="selectsecondary"><!--Select Secondary Weapon//False-->
    <rebind input="kb1_3"/>
    <rebind input="gp1_dpad_left"/>
   </action>
   <action name="sprint"><!--Sprint//False-->
    <rebind input="kb1_lshift"/>
    <rebind input="gp1_thumbl"/>
   </action>
   <action name="stabilize"><!--Hold Breath(ADS)//False-->
    <rebind input="kb1_lshift"/>
    <rebind input="gp1_thumbl"/>
   </action>
   <action name="thirdperson"><!--Third Person View Toggle//False-->
    <rebind input="kb1_f4"/>
    <rebind input="gp1_shoulderl+y"/>
   </action>
   <action name="throw_overhand"><!--Throw - Overarm & Two-Handed//False-->
    <rebind input="gp1_a"/>
   </action>
   <action name="throw_underhand"><!--Throw - Underarm//False-->
    <rebind input="gp1_b"/>
   </action>
   <action name="toggle_flashlight"><!--Flashlight (Toggle)//False-->
    <rebind input="kb1_t"/>
    <rebind input="gp1_shoulderl+dpad_down"/>
   </action>
   <action name="v_starmap"><!--Map//False-->
    <rebind input="kb1_f2"/>
    <rebind input="gp1_shoulderl+back"/>
   </action>
   <action name="visor_wipe"><!--Wipe Helmet Visor//False-->
    <rebind input="kb1_lalt+x"/>
   </action>
   <action name="weapon_auxiliary_action"><!--FPS Underbarrel Attachment Action//False-->
    <rebind input="kb1_u"/>
    <rebind input="gp1_shoulderl+dpad_left"/>
   </action>
   <action name="weapon_change_firemode"><!--Change Fire Mode//False-->
    <rebind input="kb1_b"/>
    <rebind input="gp1_shoulderl+b"/>
   </action>
   <action name="nextweapon"><!--Next Weapon//False-->
    <rebind input="kb1_ "/>
   </action>
   <action name="prevweapon"><!--Previous Weapon//False-->
    <rebind input="kb1_ "/>
   </action>
   <action name="weapon_melee"><!--Melee - Attack (Ranged Weapon + Takedowns)//False-->
    <rebind input="mo1_mouse3"/>
    <rebind input="gp1_thumbr"/>
   </action>
   <action name="weapon_zeroing_decrease"><!--Weapon Zeroing Decrease//False-->
    <rebind input="kb1_pgdn"/>
   </action>
   <action name="weapon_zeroing_increase"><!--Weapon Zeroing Increase//False-->
    <rebind input="kb1_pgup"/>
   </action>
   <action name="toggleAttachHelmet"><!--Helmet//False-->
    <rebind input="kb1_ "/>
   </action>
   <action name="toggleEquipHelmet"><!--Toggle Equip Helmet//False-->
    <rebind input="kb1_ "/>
   </action>
   <action name="walk"><!--Walk//False-->
    <rebind input="kb1_ "/>
   </action>
   <action name="zoom"><!--Aim Down Sight//False-->
    <rebind input="gp1_triggerl_btn"/>
   </action>
   <action name="zoom_in_out"><!--Zoom In/Out (ADS)//False-->
    <rebind input="gp1_dpad_up"/>
    <rebind input="kb1_ "/>
   </action>
  </actionmap>
  <actionmap name="prone">
   <action name="prone_rollleft"><!--Roll Left(while Prone)(Double Tap)//False-->
    <rebind input="kb1_q"/>
    <rebind input="gp1_shoulderl+thumbl_left"/>
   </action>
   <action name="prone_rollright"><!--Roll Right(while Prone)(Double Tap)//False-->
    <rebind input="kb1_e"/>
    <rebind input="gp1_shoulderl+thumbl_right"/>
   </action>
  </actionmap>
  <actionmap name="tractor_beam">
   <action name="tractor_beam_decrease_distance"><!--Tractor Beam - Decrease Distance//False-->
    <rebind input="js1_button4"/>
    <rebind input="gp1_shoulderl"/>
   </action>
   <action name="tractor_beam_increase_distance"><!--Tractor Beam - Increase Distance//False-->
    <rebind input="js1_button3"/>
    <rebind input="gp1_shoulderr"/>
   </action>
  </actionmap>
  <actionmap name="incapacitated">
   <action name="incapacitatedRespawn"><!--Incapacitated Respawn//False-->
    <rebind input="kb1_backspace"/>
    <rebind input="gp1_x"/>
   </action>
  </actionmap>
  <actionmap name="zero_gravity_eva">
   <action name="eva_boost"><!--Boost//False-->
    <rebind input="kb1_lshift"/>
    <rebind input="gp1_thumbl"/>
   </action>
   <action name="eva_brake"><!--Brake//False-->
    <rebind input="kb1_x"/>
   </action>
   <action name="eva_detach"><!--@ui_CIEVADetach//False-->
    <rebind input="kb1_y"/>
    <rebind input="gp1_shoulderl+b"/>
   </action>
   <action name="eva_launch"><!--@ui_CIEVALaunch//False-->
    <rebind input="kb1_space"/>
   </action>
   <action name="eva_push_back"><!--Strafe Backward//False-->
    <rebind input="kb1_s"/>
   </action>
   <action name="eva_push_forward"><!--Strafe Forward//False-->
    <rebind input="kb1_w"/>
   </action>
   <action name="eva_roll"><!--Roll Left Right //True-->
    <rebind input="gp1_shoulderl+thumblx"/>
   </action>
   <action name="eva_roll_left"><!--Roll Left//False-->
    <rebind input="kb1_q"/>
   </action>
   <action name="eva_roll_right"><!--Roll Right//False-->
    <rebind input="kb1_e"/>
   </action>
   <action name="eva_strafe_back"><!--Strafe Backward//False-->
    <rebind input="kb1_s"/>
   </action>
   <action name="eva_strafe_down"><!--Strafe Down//False-->
    <rebind input="kb1_lctrl"/>
   </action>
   <action name="eva_strafe_forward"><!--Strafe Forward//False-->
    <rebind input="kb1_w"/>
   </action>
   <action name="eva_strafe_lateral"><!--Strafe Left Right//True-->
    <rebind input="mo1_ "/>
    <rebind input="gp1_thumblx"/>
   </action>
   <action name="eva_strafe_left"><!--Strafe LefT//False-->
    <rebind input="kb1_a"/>
   </action>
   <action name="eva_strafe_longitudinal"><!--Strafe Forward Back//True-->
    <rebind input="gp1_thumbly"/>
    <rebind input="mo1_ "/>
   </action>
   <action name="eva_strafe_right"><!--Strafe Right//False-->
    <rebind input="kb1_d"/>
   </action>
   <action name="eva_strafe_up"><!--Strafe Up//False-->
    <rebind input="kb1_space"/>
   </action>
   <action name="eva_strafe_vertical"><!--Strafe Up/Down//True-->
    <rebind input="gp1_shoulderl+thumbry"/>
    <rebind input="mo1_ "/>
   </action>
   <action name="eva_toggle_headlook_mode"><!--Freelook(Hold)//False-->
    <rebind input="kb1_z"/>
   </action>
   <action name="eva_view_pitch"><!--View Up/Down//True-->
    <rebind input="gp1_thumbry"/>
   </action>
   <action name="eva_view_pitch_mouse"><!--View Up/Down(Mouse)//True-->
    <rebind input="mo1_maxis_y"/>
   </action>
   <action name="eva_view_pitch_down"><!--View Down//False-->
    <rebind input="kb1_ "/>
   </action>
   <action name="eva_view_pitch_up"><!--View Up//False-->
    <rebind input="kb1_ "/>
   </action>
   <action name="eva_view_yaw"><!--View Left/Right//True-->
    <rebind input="gp1_thumbrx"/>
   </action>
   <action name="eva_view_yaw_mouse"><!--View Left/Right(Mouse)//True-->
    <rebind input="mo1_maxis_x"/>
   </action>
   <action name="eva_view_yaw_left"><!--View Left//False-->
    <rebind input="kb1_ "/>
   </action>
   <action name="eva_view_yaw_right"><!--View Right//False-->
    <rebind input="kb1_ "/>
   </action>
  </actionmap>
  <actionmap name="vehicle_general">
   <action name="mobiglas"><!--mobiGlas(Toggle)//False-->
    <rebind input="kb1_f1"/>
    <rebind input="gp1_shoulderl+back"/>
   </action>
   <action name="v_attack_all"><!--Fire Weapon All//False-->
    <rebind input="kb1_ "/>
   </action>
   <action name="v_attack_group1"><!--Fire Weapon Group 1//False-->
    <rebind input="js1_button1"/>
    <rebind input="gp1_triggerr_btn"/>
   </action>
   <action name="v_attack_group2"><!--Fire Weapon Group 2//False-->
    <rebind input="js1_button2"/>
    <rebind input="gp1_triggerl_btn"/>
   </action>
   <action name="v_flightready"><!--Flight/Systems Ready//False-->
    <rebind input="kb1_r"/>
    <rebind input="gp1_shoulderl+shoulderr"/>
   </action>
   <action name="v_horn"><!--Horn//False-->
    <rebind input="kb1_space"/>
    <rebind input="js1_button8"/>
    <rebind input="gp1_dpad_down"/>
   </action>
   <action name="v_starmap"><!--Map//False-->
    <rebind input="kb1_f2"/>
    <rebind input="gp1_shoulderl+back"/>
   </action>
   <action name="v_view_cycle_fwd"><!--Cycle Camera View//False-->
    <rebind input="kb1_f4"/>
    <rebind input="gp1_shoulderl+y"/>
   </action>
   <action name="v_view_freelook_mode"><!--Freelook(Hold)//False-->
    <rebind input="kb1_z"/>
   </action>
   <action name="v_view_pitch"><!--Look up / down //True-->
    <rebind input="js1_y"/>
    <rebind input="gp1_thumbry"/>
   </action>
   <action name="v_view_pitch_mouse"><!--Look up / down (mouse)//True-->
    <rebind input="mo1_maxis_y"/>
   </action>
   <action name="v_view_yaw"><!--Look left / right//True-->
    <rebind input="js1_x"/>
    <rebind input="gp1_thumbrx"/>
   </action>
   <action name="v_view_yaw_mouse"><!--Look left / right(mouse)//True-->
    <rebind input="mo1_maxis_x"/>
   </action>
   <action name="visor_wipe"><!--Wipe Helmet Visor//False-->
    <rebind input="kb1_lalt+x"/>
   </action>
   <action name="v_close_all_doors"><!--Close All Doors//False-->
    <rebind input="kb1_ "/>
   </action>
   <action name="v_lock_all_doors"><!--Lock All Doors//False-->
    <rebind input="kb1_ "/>
   </action>
   <action name="v_open_all_doors"><!--Open All Doors//False-->
    <rebind input="kb1_ "/>
   </action>
   <action name="v_toggle_all_doorlocks"><!--Lock/Unlock Doors (Toggle)//False-->
    <rebind input="kb1_ "/>
   </action>
   <action name="v_toggle_all_doors"><!--Open/Close Doors (Toggle)//False-->
    <rebind input="kb1_ "/>
   </action>
   <action name="v_unlock_all_doors"><!--Unlock All Doors//False-->
    <rebind input="kb1_ "/>
   </action>
  </actionmap>
  <actionmap name="vehicle_driver">
   <action name="v_boost"><!--Boost//False-->
    <rebind input="kb1_lshift"/>
    <rebind input="js1_button8"/>
    <rebind input="gp1_thumbl"/>
   </action>
   <action name="v_brake"><!--Brake//False-->
    <rebind input="kb1_x"/>
    <rebind input="js1_button7"/>
    <rebind input="gp1_shoulderl+thumbr"/>
   </action>
   <action name="v_lock_rotation"><!--Lock Pitch / Yaw Movement (Toggle/Hold)//False-->
    <rebind input="kb1_rshift"/>
   </action>
   <action name="v_mgv_switch_brake_on_idle"><!--@ui_CI_MGV_ToggleBreakOnIdle-->
    <rebind input="kb1_v"/>
   </action>
   <action name="v_move"><!--Move Forward/Back//True-->
    <rebind input="js1_slider1"/>
    <rebind input="gp1_thumbly"/>
   </action>
   <action name="v_move_back"><!--Move Back//False-->
    <rebind input="kb1_s"/>
   </action>
   <action name="v_move_forward"><!--Move Forward//False-->
    <rebind input="kb1_w"/>
   </action>
   <action name="v_pitch"><!--Pitch up / down //True-->
    <rebind input="js1_y"/>
    <rebind input="gp1_thumblx"/>
   </action>
   <action name="v_pitch_down"><!--Pitch down//False-->
    <rebind input="kb1_ "/>
   </action>
   <action name="v_pitch_mouse"><!--Pitch up / down (Mouse)//False-->
    <rebind input="mo1_ "/>
   </action>
   <action name="v_pitch_up"><!--Pitch up//False-->
    <rebind input="kb1_ "/>
   </action>
   <action name="v_view_dynamic_zoom_abs"><!--Dynamic Zoom In and Out (abs.)//True-->
    <rebind input="mo1_ "/>
   </action>
   <action name="v_view_dynamic_zoom_rel"><!--Dynamic Zoom In and Out (rel.)//True-->
    <rebind input="mo1_ "/>
   </action>
   <action name="v_view_dynamic_zoom_rel_in"><!--Dynamic Zoom In (rel.)//False-->
    <rebind input="kb1_ "/>
   </action>
   <action name="v_view_dynamic_zoom_rel_out"><!--Dynamic Zoom Out (rel.)//False-->
    <rebind input="kb1_ "/>
   </action>
   <action name="v_yaw"><!--Turn left / right//True-->
    <rebind input="js1_x"/>
    <rebind input="gp1_thumblx"/>
   </action>
   <action name="v_yaw_left"><!--Turn left//False-->
    <rebind input="kb1_a"/>
   </action>
   <action name="v_yaw_right"><!--Turn right//False-->
    <rebind input="kb1_d"/>
   </action>
   <action name="v_yaw_mouse"><!--Turn left / right (Mouse)//True-->
    <rebind input="mo1_ "/>
   </action>
  </actionmap>
  <actionmap name="spectator">
   <action name="spectate_gen_nextmode"><!--Spectator Camera Mode (Next)//False-->
    <rebind input="kb1_f4"/>
    <rebind input="gp1_shoulderl+y"/>
   </action>
   <action name="spectate_gen_prevmode"><!--Spectator Camera Mode (Previous)//False-->
    <rebind input="kb1_ "/>
   </action>
   <action name="spectate_next_target"><!--Spectator Camera Target (Next)//False-->
    <rebind input="js1_button1"/>
    <rebind input="gp1_dpad_right"/>
   </action>
   <action name="spectate_prev_target"><!--Spectator Camera Target (Previous)//False-->
    <rebind input="js1_button2"/>
    <rebind input="gp1_dpad_left"/>
   </action>
   <action name="spectate_rotatepitch"><!--Spectator Camera Rotate Pitch//True-->
    <rebind input="mo1_ "/>
    <rebind input="js1_y"/>
    <rebind input="gp1_thumbry"/>
   </action>
   <action name="spectate_rotatepitch_mouse"><!--Spectator Camera Rotate Pitch (Mouse)//True-->
    <rebind input="mo1_maxis_y"/>
    <rebind input="js1_y"/>
   </action>
   <action name="spectate_rotateyaw"><!--Spectator Camera Rotate Yaw//True-->
    <rebind input="mo1_ "/>
    <rebind input="js1_x"/>
    <rebind input="gp1_thumbrx"/>
   </action>
   <action name="spectate_rotateyaw_mouse"><!--Spectator Camera Rotate Yaw (Mouse)//True-->
    <rebind input="mo1_maxis_x"/>
    <rebind input="js1_x"/>
   </action>
   <action name="spectate_toggle_hud"><!--Spectator Camera HUD (Toggle)//False-->
    <rebind input="kb1_b"/>
    <rebind input="gp1_b"/>
   </action>
   <action name="spectate_toggle_lock_target"><!--Spectator Camera Lock Target//False-->
    <rebind input="kb1_1"/>
    <rebind input="gp1_a"/>
   </action>
   <action name="spectate_zoom"><!--Spectator Camera Zoom//True-->
    <rebind input="mo1_maxis_z"/>
   </action>
   <action name="spectate_zoom_in"><!--Spectator Camera Zoom In//False-->
    <rebind input="js1_hat1_up"/>
    <rebind input="gp1_dpad_up"/>
   </action>
   <action name="spectate_zoom_out"><!--Spectator Camera Zoom Out//False-->
    <rebind input="js1_hat1_down"/>
    <rebind input="gp1_dpad_down"/>
   </action>
  </actionmap>
  <actionmap name="default">
   <action name="focus_on_chat_textinput"><!--Chat Window Focus//False-->
    <rebind defaultInput="np_enter" input="kb1_enter"/>
   </action>
   <action name="pl_exit"><!--Exit Seat//False-->
    <rebind input="kb1_y"/>
    <rebind input="gp1_shoulderl+b"/>
   </action>
   <action name="respawn"><!--Re-Spawn//False-->
    <rebind input="kb1_x"/>
    <rebind input="js1_button1"/>
    <rebind input="gp1_x"/>
   </action>
   <action name="toggle_chat"><!--Chat Windows (Toggle)//False-->
    <rebind input="kb1_f12"/>
   </action>
   <action name="toggle_contact"><!--CommLink App (Toggle)//False-->
    <rebind input="kb1_f11"/>
   </action>
  </actionmap>
  <actionmap name="ui_notification">
   <action name="ui_notification_accept"><!--Accept Invite//False-->
    <rebind input="kb1_lbracket"/>
   </action>
   <action name="ui_notification_decline"><!--Reject Invite//False-->
    <rebind input="kb1_rbracket"/>
   </action>
   <action name="ui_notification_ignore"><!--Ignore Invite (Hold)//False-->
    <rebind input="kb1_rbracket"/>
   </action>
  </actionmap>
  <actionmap name="player_emotes">
   <action name="emote_cs_forward"><!--Forward//False-->
    <rebind input="kb1_np_5"/>
   </action>
   <action name="emote_cs_left"><!--Left//False-->
    <rebind input="kb1_np_1"/>
   </action>
   <action name="emote_agree"><!--Agree//False-->
    <rebind input="kb1_ "/>
   </action>
   <action name="emote_cs_no"><!--No//False-->
    <rebind input="kb1_np_6"/>
   </action>
   <action name="emote_cs_right"><!--Right//False-->
    <rebind input="kb1_np_3"/>
   </action>
   <action name="emote_cs_stop"><!--Stop//False-->
    <rebind input="kb1_np_2"/>
   </action>
   <action name="emote_cs_yes"><!--Yes//False-->
    <rebind input="kb1_np_4"/>
   </action>
   <action name="emote_angry"><!--Angry//False-->
    <rebind input="kb1_ "/>
   </action>
   <action name="emote_atease"><!--At Ease//False-->
    <rebind input="kb1_ "/>
   </action>
   <action name="emote_attention"><!--Attention//False-->
    <rebind input="kb1_ "/>
   </action>
   <action name="emote_blah"><!--Blah//False-->
    <rebind input="kb1_ "/>
   </action>
   <action name="emote_bored"><!--Bored//False-->
    <rebind input="kb1_ "/>
   </action>
   <action name="emote_bow"><!--Bow//False-->
    <rebind input="kb1_ "/>
   </action>
   <action name="emote_burp"><!--Burp//False-->
    <rebind input="kb1_ "/>
   </action>
   <action name="emote_cheer"><!--Cheer//False-->
    <rebind input="kb1_ "/>
   </action>
   <action name="emote_chicken"><!--Chicken//False-->
    <rebind input="kb1_ "/>
   </action>
   <action name="emote_clap"><!--Clap//False-->
    <rebind input="kb1_ "/>
   </action>
   <action name="emote_come"><!--Come//False-->
    <rebind input="kb1_ "/>
   </action>
   <action name="emote_cry"><!--Cry//False-->
    <rebind input="kb1_ "/>
   </action>
   <action name="emote_dance"><!--Dance//False-->
    <rebind input="kb1_ "/>
   </action>
   <action name="emote_disagree"><!--Disagree//False-->
    <rebind input="kb1_ "/>
   </action>
   <action name="emote_failure"><!--Failure//False-->
    <rebind input="kb1_ "/>
   </action>
   <action name="emote_flex"><!--Flex//False-->
    <rebind input="kb1_ "/>
   </action>
   <action name="emote_flirt"><!--Flirt//False-->
    <rebind input="kb1_ "/>
   </action>
   <action name="emote_gasp"><!--Gasp//False-->
    <rebind input="kb1_ "/>
   </action>
   <action name="emote_gloat"><!--Gloat//False-->
    <rebind input="kb1_ "/>
   </action>
   <action name="emote_greet"><!--Greet//False-->
    <rebind input="kb1_ "/>
   </action>
   <action name="emote_laugh"><!--Laugh//False-->
    <rebind input="kb1_ "/>
   </action>
   <action name="emote_launch"><!--Confirm Launch//False-->
    <rebind input="kb1_ "/>
   </action>
   <action name="emote_point"><!--Point//False-->
    <rebind input="kb1_ "/>
   </action>
   <action name="emote_rude"><!--Rude//False-->
    <rebind input="kb1_ "/>
   </action>
   <action name="emote_salute"><!--Salute//False-->
    <rebind input="kb1_ "/>
   </action>
   <action name="emote_sit"><!--Sit//False-->
    <rebind input="kb1_ "/>
   </action>
   <action name="emote_sleep"><!--Sleep//False-->
    <rebind input="kb1_ "/>
   </action>
   <action name="emote_smell"><!--Smell//False-->
    <rebind input="kb1_ "/>
   </action>
   <action name="emote_taunt"><!--Taunt//False-->
    <rebind input="kb1_ "/>
   </action>
   <action name="emote_threaten"><!--Threaten//False-->
    <rebind input="kb1_ "/>
   </action>
   <action name="emote_wait"><!--Wait//False-->
    <rebind input="kb1_ "/>
   </action>
   <action name="emote_wave"><!--Wave//False-->
    <rebind input="kb1_ "/>
   </action>
   <action name="emote_whistle"><!--Whistle//False-->
    <rebind input="kb1_ "/>
   </action>
  </actionmap>
  <actionmap name="player_input_optical_tracking">
   <action name="headtrack_camera_enabled">
    <rebind input="kb1_ "/><!--Enable / Disable Head Tracking for 3rd Person Camera (Toggle)//False-->
   </action>
   <action name="headtrack_hold"><!--Head Tracking(Hold)//False-->
    <rebind input="kb1_ "/>
   </action>
   <action name="headtrack_recenter_device"><!--Recenter Head Tracking Device (except TrackIR)//False-->
    <rebind input="kb1_ "/>
   </action>
   <action name="foip_cyclechannel"><!--Cycle through audio Channels//False-->
    <rebind input="kb1_ "/>
   </action>
   <action name="foip_pushtotalk"><!--VOIP Push To Talk//False-->
    <rebind input="kb1_np_multiply"/>
   </action>
   <action name="foip_pushtotalk_proximity"><!--VOIP Push To Talk (Proximity only)//False-->
    <rebind input="kb1_lalt+np_plus"/>
   </action>
   <action name="foip_recalibrate"><!--FOIP Recalibrate//False-->
    <rebind input="kb1_np_multiply"/>
   </action>
   <action name="foip_viewownplayer"><!--FOIP Selfie Cam//False-->
    <rebind input="kb1_np_minus"/>
   </action>
   <action name="headtrack_enabled"><!--Enable Head Tracking(Toggle)//False-->
    <rebind input="kb1_np_divide"/>
   </action>
  </actionmap>
  <actionmap name="player_choice">
   <action name="pc_camera_orbit"><!--@ui_CICameraOrbit//False-->
    <rebind input="mo1_mouse2"/>
   </action>
   <action name="pc_focus"><!--Focus//False-->
    <rebind input="js1_button7"/>
    <rebind input="gp1_triggerl_btn"/>
   </action>
   <action name="pc_pit_flight_systems"><!--Flight Systems - PIT Category//False-->
    <rebind input="kb1_ "/>
   </action>
   <action name="pc_pit_item_actions"><!--Item Actions - PIT Category//False-->
    <rebind input="kb1_ "/>
   </action>
   <action name="pc_pit_item_drop"><!--Drop Item//False-->
    <rebind input="kb1_ "/>
   </action>
   <action name="pc_pit_mobiglas_actions"><!--Mobiglas Actions - PIT Category//False-->
    <rebind input="kb1_ "/>
   </action>
   <action name="pc_pit_player_actions"><!--Player Actions - PIT Category//False-->
    <rebind input="kb1_ "/>
   </action>
   <action name="pc_pit_remote_turrets"><!--Remote Turret - PIT Catgegory//False-->
    <rebind input="kb1_ "/>
   </action>
   <action name="pc_pit_ship_systems"><!--Ship Systems - PIT Category//False-->
    <rebind input="kb1_ "/>
   </action>
   <action name="pc_pit_vehicle_actions"><!--Vehicle Actions - PIT Category//False-->
    <rebind input="kb1_ "/>
   </action>
   <action name="pc_pit_weapon_selection"><!--Weapon Selection - PIT Category//False-->
    <rebind input="kb1_ "/>
   </action>
   <action name="pc_pit_weapons_systems"><!--Weapon Systems - PIT Category//False-->
    <rebind input="kb1_ "/>
   </action>
   <action name="pc_pit_emotes"><!--Emotes - PIT Category//False-->
    <rebind input="kb1_ "/>
   </action>
   <action name="pc_interaction_mode"><!--Interaction Mode//False-->
    <rebind input="kb1_f"/>
    <rebind input="js1_button6"/>
    <rebind input="gp1_y"/>
   </action>
   <action name="pc_personal_back"><!--Exit//False-->
    <rebind input="kb1_np_0"/>
    <rebind input="gp1_thumbr"/>
   </action>
   <action name="pc_personal_thought"><!--Personal Inner Through(PIT)//False-->
    <rebind input="mo1_f+mouse2"/>
    <rebind input="gp1_shoulderr"/>
   </action>
   <action name="pc_pit_inventory"><!--Personal Commodity Inventory(Toggle)//False-->
    <rebind input="kb1_i"/>
    <rebind input="gp1_shoulderl+thumbl"/>
   </action>
   <action name="pc_pit_miningmode_actions"><!--Mining Mode Actions - PIT Category//False-->
    <rebind input="kb1_lalt+m"/>
   </action>
   <action name="pc_qs_consumables"><!--@ui_Consumable_QuickSelectRadialMenu//False-->
    <rebind input="kb1_c"/>
    <rebind input="gp1_shoulderl+x"/>
   </action>
   <action name="pc_qs_flight_mode"><!--Flight Mode Select Radial Menu//False-->
    <rebind input="kb1_lshift+tab"/>
    <rebind input="gp1_shoulderl+dpad_right"/>
   </action>
   <action name="pc_qs_grenades"><!--Throwable Select Radial Menu//False-->
    <rebind input="kb1_g"/>
    <rebind input="gp1_shoulderr"/>
   </action>
   <action name="pc_qs_weapons_pistol"><!--Weapon Select Radial Menu Pistol//False-->
    <rebind input="kb1_1"/>
    <rebind input="gp1_dpad_up"/>
   </action>
   <action name="pc_qs_weapons_primary"><!--Weapon Select Radial Menu Primary//False-->
    <rebind input="kb1_2"/>
    <rebind input="gp1_dpad_up"/>
   </action>
   <action name="pc_qs_weapons_secondary"><!--Weapon Select Radial Menu Secondary//False-->
    <rebind input="kb1_3"/>
    <rebind input="gp1_dpad_up"/>
   </action>
   <action name="pc_screen_focus_down"><!--MFD Down//False-->
    <rebind input="kb1_s"/>
    <rebind input="gp1_dpad_down"/>
   </action>
   <action name="pc_screen_focus_left"><!--MFD Left//False-->
    <rebind input="kb1_a"/>
    <rebind input="gp1_dpad_left"/>
   </action>
   <action name="pc_screen_focus_right"><!--MFD Right//False-->
    <rebind input="kb1_d"/>
    <rebind input="gp1_dpad_right"/>
   </action>
   <action name="pc_screen_focus_up"><!--MFD Up//False-->
    <rebind input="kb1_w"/>
    <rebind input="gp1_dpad_up"/>
   </action>
   <action name="pc_select"><!--Activate Inner Thought//False-->
    <rebind input="js1_button1"/>
    <rebind input="gp1_ "/>
   </action>
   <action name="pc_zoom_in"><!--Interaction Mode Zoom In//False-->
    <rebind input="gp1_triggerl"/>
   </action>
   <action name="pc_zoom_out"><!--Interaction Mode Zoom Out//False-->
    <rebind input="gp1_triggerr"/>
   </action>
  </actionmap>
  <actionmap name="view_director_mode">
   <action name="view_enable_camview_mode"><!--Advanced Camera Controls Modifier (Hold)//False-->
    <rebind input="kb1_f4"/>
    <rebind input="gp1_shoulderl+y"/>
   </action>
   <action name="view_fov_in"><!--Decrease FoV//False-->
    <rebind input="kb1_np_minus"/>
   </action>
   <action name="view_fov_out"><!--Increase FoV//False-->
    <rebind input="kb1_np_plus"/>
   </action>
   <action name="view_fstop_in"><!--[PH] Increase DoF//False-->
    <rebind input="kb1_home"/>
   </action>
   <action name="view_fstop_out"><!--Decrease DoF//False-->
    <rebind input="kb1_end"/>
   </action>
   <action name="view_load_view_1"><!--Load View 1//False-->
    <rebind input="kb1_np_1"/>
   </action>
   <action name="view_load_view_2"><!--Load View 2//False-->
    <rebind input="kb1_np_2"/>
   </action>
   <action name="view_load_view_3"><!--Load View 3//False-->
    <rebind input="kb1_np_3"/>
   </action>
   <action name="view_load_view_4"><!--Load View 4//False-->
    <rebind input="kb1_np_4"/>
   </action>
   <action name="view_load_view_5"><!--Load View 5//False-->
    <rebind input="kb1_np_5"/>
   </action>
   <action name="view_load_view_6"><!--Load View 6//False-->
    <rebind input="kb1_np_6"/>
   </action>
   <action name="view_load_view_7"><!--Load View 7//False-->
    <rebind input="kb1_np_7"/>
   </action>
   <action name="view_load_view_8"><!--Load View 8//False-->
    <rebind input="kb1_np_8"/>
   </action>
   <action name="view_load_view_9"><!--Load View 9//False-->
    <rebind input="kb1_np_9"/>
   </action>
   <action name="view_move_target_X_neg"><!--X Offset Negative//False-->
    <rebind input="kb1_left"/>
   </action>
   <action name="view_move_target_X_pos"><!--X Offset Positive//False-->
    <rebind input="kb1_right"/>
   </action>
   <action name="view_move_target_Y_neg"><!--Y Offset Negative / Spectator Freecam Focal Point Backward//False-->
    <rebind input="kb1_down"/>
   </action>
   <action name="view_move_target_Y_pos"><!--Y Offset Positive / Spectator Freecam Focal Point Forward//False-->
    <rebind input="kb1_up"/>
   </action>
   <action name="view_move_target_Z_neg"><!--Z Offset Negative//False-->
    <rebind input="kb1_pgdn"/>
   </action>
   <action name="view_move_target_Z_pos"><!--Z Offset Positive//False-->
    <rebind input="kb1_pgup"/>
   </action>
   <action name="view_reset_saved"><!--Clear Saved View//False-->
    <rebind input="kb1_np_0"/>
   </action>
   <action name="view_restore_defaults"><!--Reset Current View//False-->
    <rebind input="kb1_np_multiply"/>
   </action>
   <action name="view_save_view_1"><!--Save View 1//False-->
    <rebind input="kb1_np_1"/>
   </action>
   <action name="view_save_view_2"><!--Save View 2//False-->
    <rebind input="kb1_np_2"/>
   </action>
   <action name="view_save_view_3"><!--Save View 3//False-->
    <rebind input="kb1_np_3"/>
   </action>
   <action name="view_save_view_4"><!--Save View 4//False-->
    <rebind input="kb1_np_4"/>
   </action>
   <action name="view_save_view_5"><!--Save View 5//False-->
    <rebind input="kb1_np_5"/>
   </action>
   <action name="view_save_view_6"><!--Save View 6//False-->
    <rebind input="kb1_np_6"/>
   </action>
   <action name="view_save_view_7"><!--Save View 7//False-->
    <rebind input="kb1_np_7"/>
   </action>
   <action name="view_save_view_8"><!--Save View 8//False-->
    <rebind input="kb1_np_8"/>
   </action>
   <action name="view_save_view_9"><!--Save View 9//False-->
    <rebind input="kb1_np_9"/>
   </action>
   <action name="view_switch_to_alternative"><!--Advanced Camera Controls Modifier (Hold)//False-->
    <rebind input="kb1_z"/>
   </action>
  </actionmap>
 </ActionProfiles>
</ActionMaps>
